1;Gredy Corrales Mendoza ;1;Masculino;greddy@gmail.com;Administrador
123;Bianca Corrales Mendoza;123;Femenino;bianca@gmail.com;Huesped
22;Magda Mendoza Vargas;lol;Femenino;magda@gmail.com;Huesped
90;Yorleny Somoza;lol;Femenino;rapsarakka@gufum.com;Huesped
33;Fredy Romero;lol;Masculino;greddycommen31@gmail.com;Huesped
55;Ana Mendoza;lol;Femenino;greddycommen31@gmail.com;Huesped
77;Amelia Corrales;lol;Femenino;greddycommen31@gmail.com;Huesped
95;Antonio;lol;Masculino;greddycommen31@gmail.com;Huesped
999;Dua;lol;Femenino;greddycommen31@gmail.com;Huesped
88;Selenea;lol;Femenino;greddycommen31@gmail.com;Huesped
